{"Mods":[{"Author":"Goonsack","Name":"Goon's Immersive Loading Screen Hints - Immersive Loading Screens Version","Folder":"Goon's Immersive Loading Screen Hints","Version":"36028801313931264","Description":"Loading screen hints with cool quotes and stuff. Intended for use with an ultrawide monitor and Immersive Loading Screens by lexo1000 is a requirement for the text to not run off the screen. I recommend the With Vignette version of ILS.","UUID":"eb9d18c5-a855-4d91-bda2-d38c45020086","Created":"2026-01-08T04:45:16.1696958+11:00","Dependencies":[],"Group":"7f496435-31fe-42c4-9022-410ef4206dbc"}],"MD5":"667bfb2e9ce495fa758fc1afa18c7521"}