{"Mods":[{"Author":"Goonsack","Name":"Goon's Immersive Loading Screen Hints - Immersive Loading Screens Version","Folder":"Goon's Immersive Loading Screen Hints","Version":"36028801313931264","Description":"Loading screen hints with cool quotes and stuff. Intented for use with an ultrawide monitor and Immersive Loading Screens by lexo1000 is a requirement for the text to not run off the screen. I recommend the With Vignette version of ILS.","UUID":"eb9d18c5-a855-4d91-bda2-d38c45020086","Created":"2026-01-08T04:40:11.579311+11:00","Dependencies":[],"Group":"a5907926-4e53-4675-b530-7cfc6125e4d9"}],"MD5":"9ebaaff55ec9bd0e20a0ce03d463a0e6"}