{"Mods":[{"Author":"Goonsack","Name":"Goon's Immersive Loading Screen Hints - Immersive Loading Screens Version","Folder":"Goon's Immersive Loading Screen Hints","Version":"36028801313931264","Description":"Loading screen hints with cool quotes and stuff. Intented for use with an ultrawide monitor and Immersive Loading Screens by lexo1000 is a requirement for the text to not run off the screen. I recommend the With Vignette version of ILS.","UUID":"5ec504bd-69d4-4f88-82ac-e3b385cd0984","Created":"2026-01-08T04:19:35.0319359+11:00","Dependencies":[],"Group":"e99a860a-c89a-40a3-8acf-8866bc82d12d"}],"MD5":"726ab52356546eba2ffab05745529add"}